<?xml version="1.0" encoding="UTF-8"?>
<project-private xmlns="http://www.netbeans.org/ns/project-private/1">
    <editor-bookmarks xmlns="http://www.netbeans.org/ns/editor-bookmarks/2" lastBookmarkId="0"/>
    <open-files xmlns="http://www.netbeans.org/ns/projectui-open-files/2">
        <group>
            <file>file:/C:/Users/jcdonosos/Documents/NetBeansProjects/Ena_Juan_Carlos_Donoso/src/java/model/ListGerencia.java</file>
            <file>file:/C:/Users/jcdonosos/Documents/NetBeansProjects/Ena_Juan_Carlos_Donoso/web/guardarRequerimiento.jsp</file>
            <file>file:/C:/Users/jcdonosos/Documents/NetBeansProjects/Ena_Juan_Carlos_Donoso/src/java/model/Requerimiento.java</file>
            <file>file:/C:/Users/jcdonosos/Documents/NetBeansProjects/Ena_Juan_Carlos_Donoso/src/java/controller/Gerencia.java</file>
            <file>file:/C:/Users/jcdonosos/Documents/NetBeansProjects/Ena_Juan_Carlos_Donoso/web/ingresarRequerimiento.jsp</file>
        </group>
    </open-files>
</project-private>
